,Close_y,Close_x
Close_y,1.0,0.36678732071818587
Close_x,0.36678732071818587,1.0
